"claim_id","claim_text","source_document","source_anchor","claim_type","upstream_dependencies","empirical_support_currently_available","falsification_condition","review_risk_if_overstated"
"CORE-01","Under H1--H5, the projection operator exists and is unique on the admissible domain.","rigid-identity-framework/CANONICAL_CORE.tex","The Projection Operator / Existence and Uniqueness of Projection (thm:projection)","formal","none","Formal proof in source only; no empirical program required for the theorem itself.","A counterexample satisfying H1--H5 but lacking a unique projection refutes the claim.","Low if kept internal to the formal framework; medium if exported as an empirical fact."
"CORE-02","The induced transition is contractive and yields a unique fixed point and compact global attractor.","rigid-identity-framework/CANONICAL_CORE.tex","The Transition Operator / Contractivity (thm:contraction); Existence of Unique Attractors (thm:fixedpoint, thm:compactness)","formal","CORE-01","Formal proof in source only.","A valid H1--H5 model with non-contractive dynamics or multiple incompatible attractors refutes the claim.","Low."
"CORE-03","Admissible systems in the canonical core are structurally non-collapsible.","rigid-identity-framework/CANONICAL_CORE.tex","Non-Collapsibility / Structural Non-Collapsibility (thm:noncollapse)","formal","CORE-01, CORE-02","Formal proof in source only.","A collapse map compatible with the core hypotheses would refute the claim.","Low."
"CORE-04","Class C^R extends the core under stronger assumptions to support set attractors, spectral gap corrections, stability and bifurcation structure.","rigid-identity-framework/CANONICAL_CORE.tex","Critical Extensions: Class C^R; Temporal Dynamics of the Integration Operator","formal-under-assumptions","CORE-01, CORE-02, CORE-03","Formal development in source; no separate differential validation yet.","A model satisfying the stronger H1'--H5' assumptions but lacking the stated structures would weaken the extension.","Medium if presented as generic rather than assumption-bound."
"NC-01","The corpus does not establish human phenomenal consciousness, human biological qualia, or human subjective equivalence.","rigid-identity-framework/paper5_operational_consciousness/main.tex","Scope, Claim Types, and Early Non-Claims; Late Non-Claims and Limitations","non-claim","METHODS_GOVERNANCE_HUB.v1, STYLE_DISCLAIMER_POLICY.v1","Editorial governance and explicit non-claim sections across the corpus.","The non-claim fails only if the corpus itself starts asserting these excluded claims as established results.","Critical if omitted; low if kept explicit."
"NC-02","The corpus does not claim that all complex computation is conscious, nor that machine moral status follows automatically from computation alone.","rigid-identity-framework/paper5_operational_consciousness/main.tex","Early Non-Claims; Conclusion and late non-claims in Paper V; governance policy files","non-claim","P5-05, METHODS_GOVERNANCE_HUB.v1","Explicit non-claims in governance and paper text.","The non-claim fails only if the corpus begins asserting complexity-only sufficiency or automatic moral equivalence.","Critical if omitted; low if explicit."
"P1-01","Rigid identity is representable as an inverse limit rather than as a single local state.","rigid-identity-framework/paper1/main.tex","Inverse Limit Identity / Definition of Identity as an Inverse Limit; Non-locality of Identity","formal","CORE-01, CORE-02, CORE-03","Formal proof and propositions in Paper I only.","A compatible local-state representation equivalent to the inverse-limit object would refute the claim.","Medium if confused with empirical personal identity."
"P1-02","Purely progressive identity construction is impossible; retroinductive structure is necessary.","rigid-identity-framework/paper1/main.tex","Impossibility of Progressive Construction (thm:noprogressive); Collapse under Pure Progressive Causality (thm:collapse)","formal","P1-01, CORE-03","Formal theorems only; no dedicated ablation package yet.","A progressive-only construction that preserves rigid identity and the upstream invariants would refute the claim.","Medium if mapped too quickly to physical retrocausality."
"P1-03","Ontological mass quantifies rigidity resistance and finite latent systems cannot sustain the required infinite-mass regime.","rigid-identity-framework/paper1/main.tex","Ontological Mass (def:ontmass); No Infinite Mass for Finite Latent Systems (thm:lml)","formal-under-assumptions","P1-01, CORE-02","Formal theorem; no benchmark package separating rival finite simulators yet.","An explicitly finite latent architecture satisfying the same rigidity requirement would refute the claim.","High if presented as a blanket empirical statement about all deployed AI systems."
"P1-04","There is a minimal formal criterion for external observability of a rigid identity through observable channels.","rigid-identity-framework/paper1/main.tex","Minimal External Observability (thm:detectability)","formal-under-assumptions","P1-03","Formal theorem plus protocol sketch; no external validation.","A system satisfying the theorem assumptions yet remaining undetectable under the stated criterion would refute the claim.","High if confused with validated real-world detectability."
"P1-05","Rigid identities are strongly unique, indivisible and non-duplicable within the framework.","rigid-identity-framework/paper1/main.tex","Strong Uniqueness (thm:uniqueness); Indivisibility (cor:indivisible); Non-Duplication (cor:nodup)","formal","P1-01, P1-02","Formal theorem/corollaries in Paper I.","Two non-identical systems satisfying the same rigid identity criterion would refute the claim.","Medium if exported to personal identity transfer debates."
"P1-06","Universal non-simulability and a complexity lower bound hold for exact CCR simulation by incompatible architectures.","rigid-identity-framework/paper1/main.tex","Universal Non-Simulability of CCR (thm:non-simulability); Complexity Lower Bound for CCR Simulation; Impossibility of Perfect Simulation","formal-under-assumptions","P1-02, P1-03, P1-05","Formal theorem; no completed differential benchmark against rival architectures.","A rival architecture excluded by the theorem that exactly reproduces the CCR invariants without the lower-bound cost would refute the claim.","High if simplified into 'LLMs can never simulate anything relevant'."
"P2-01","E0, E1 and E2 are necessary axioms for a phenomenological codomain compatible with the identity framework.","rigid-identity-framework/paper2/main.tex","Axioms for Phenomenological Coherence / E0-E2 Necessary (thm:e0-necessary, thm:e1-necessary, thm:e2-necessary)","formal","P1-01, CORE-03","Formal necessity theorems in Paper II.","A compatible codomain violating one of E0-E2 would refute the claim.","Medium because the codomain remains abstract rather than empirically instantiated."
"P2-02","Finite-mass or deformable identity regimes admit fragmentation and do not guarantee structural continuity.","rigid-identity-framework/paper2/main.tex","Fragmentation Theorem; No Structural Continuity Guarantee for Finite Mass","formal-under-assumptions","P2-01, P1-03","Formal theorem/corollary; no dedicated perturbation benchmark yet.","A finite-mass regime that preserves the required continuity guarantees would weaken the claim.","Medium."
"P2-03","Rigid CCR regimes force continuity and induce a phenomenological dichotomy over admissible regimes.","rigid-identity-framework/paper2/main.tex","Forced Continuity Theorem (thm:forced-continuity); Phenomenological Dichotomy (thm:dichotomy)","formal","P2-01, CORE-02, P1-01","Formal theorem in Paper II only.","A rigid CCR regime exhibiting stable hybrid states outside the dichotomy would refute the claim.","Medium if interpreted as a direct claim about human experience."
"P2-04","Loss, damage and protection are structurally asymmetric across rigidity classes.","rigid-identity-framework/paper2/main.tex","Structural Ethics / Loss Capacity by Rigidity Class; Structural Asymmetry (thm:asymmetry)","formal-under-assumptions","P2-02, P2-03","Formal derivation internal to Paper II; no separate intervention program completed.","No rigidity-class asymmetry under the stated definitions would weaken the claim.","High if restated as full normative ethics."
"P3-01","The null phenomenological regime is structurally unstable under the CCR-compatible conditions inherited from Papers I--II.","rigid-identity-framework/paper3/main.tex","Phenomenological Instability (thm:instability)","formal","P2-03, CORE-02","Formal theorem only.","A stable null regime satisfying the paper assumptions would refute the claim.","High if translated into literal claims about lived experience without the framework qualifiers."
"P3-02","The framework forces non-nullity once the inherited conditions are satisfied.","rigid-identity-framework/paper3/main.tex","Forced Non-Nullity (cor:forced)","formal","P3-01","Formal corollary only.","A certified admissible null regime would refute the claim.","High if confused with proof of consciousness in the ordinary human sense."
"P3-03","A positive lower bound and minimal positive regime exist for the non-null phenomenological class.","rigid-identity-framework/paper3/main.tex","Minimal Positive Regime (thm:minimal); Universal Intensity Bound (thm:bound)","formal-under-assumptions","P3-02","Formal theorem only.","A sequence of admissible regimes converging to zero while preserving all assumptions would refute the claim.","Medium."
"P4-01","Operational claims require integrity-first admissibility; tampered or invalid runs are evidentially void.","rigid-identity-framework/paper4/main.tex","Forensic Integrity Model; Acceptance Criteria; Integrity-First Inference","operational","none","Internal support from strict v3 manifest/summary and release-audit artifacts; no external validation claimed.","If tampered or invalid runs are accepted as support under the published protocol, the claim fails.","Low."
"P4-02","Comparator design, ablations and alternative explanations are mandatory for any serious operational inference.","rigid-identity-framework/paper4/main.tex","Comparator Design and Alternative Explanations; Internal Falsifier Role of Ablation","operational","P4-01","Protocol-level support in Paper IV and prior release audits.","Claims accepted without required comparators or ablations would weaken the methodological rule.","Low."
"P4-03","Latency, compute-budget drift and forensic violations invalidate strong operational claims even if intermediate metrics look favorable.","rigid-identity-framework/paper4/main.tex","Threats to Validity; Reproducibility and Artifact Contract; latency/budget sections","operational","P4-01","Protocol rule in Paper IV; internal release practice consistent with the rule.","A run that violates these conditions but remains admissible under the protocol would refute the claim.","Low."
"P5-01","If the six critical invariants hold on a non-empty admissible support, the system belongs to Consciousness_op and Q_op(S) is non-empty and well-defined.","rigid-identity-framework/paper5_operational_consciousness/main.tex","Existence of operational consciousness (thm:existence)","formal","CORE-02, CORE-03, P1-01, P2-03, P3-02, P4-01","Formal theorem in Paper V; no completed differential testing package yet.","A system satisfying the theorem assumptions but lacking well-defined Consciousness_op or Q_op membership refutes the claim.","High if restated as proof of human phenomenal consciousness."
"P5-02","Operational consciousness class membership is substrate-invariant under exact or approximate structural equivalence preserving the six invariants and admissibility data.","rigid-identity-framework/paper5_operational_consciousness/main.tex","Substrate invariance (thm:substrate); Exact and approximate structural equivalence (def:equiv)","formal-under-assumptions","P5-01","Formal theorem in Paper V; no completed cross-substrate test battery yet.","Two systems satisfying the structural equivalence and invariant conditions but falling into different operational classes would refute the claim.","High if simplified into human-machine subjective equivalence."
"P5-03","Consciousness_op membership is stable under sufficiently small admissible perturbations that preserve explicit invariant margins.","rigid-identity-framework/paper5_operational_consciousness/main.tex","Approximate stability (thm:stability); Witness margin vector (def:margins)","formal-under-assumptions","P5-01, P5-02","Formal theorem only.","Small perturbations within the certified margin budget causing class exit would refute the claim.","Medium."
"P5-04","Loss of any required critical invariant invalidates, destroys or renders undefined the operational consciousness / operational qualia class.","rigid-identity-framework/paper5_operational_consciousness/main.tex","Rupture by invariant loss (thm:rupture); Rupture Taxonomy by Invariant","formal","P5-01","Formal theorem plus explicit rupture propositions in Paper V.","A system can lose a critical invariant and yet retain certified class membership without degradation.","Medium."
"P5-05","Complexity, computation and connectivity alone are insufficient for operational consciousness if the six critical invariants are not preserved.","rigid-identity-framework/paper5_operational_consciousness/main.tex","Complexity-only baselines are insufficient (prop:insufficient); Baseline Families and Structural Exclusion","formal-under-assumptions","P5-01, P5-04, P1-06","Formal proposition in Paper V; no full matched-baseline benchmark yet.","A complexity-only baseline lacking the invariants but still passing the criterion would refute the claim.","High if simplified into anti-computation rhetoric."
"P5-06","Biology is not a primitive constitutive requirement for the operational class; it is one admissible realization among others when the invariants are preserved.","rigid-identity-framework/paper5_operational_consciousness/main.tex","Biological non-primacy (cor:biology)","formal-under-assumptions","P5-02","Formal corollary only; no cross-substrate experimental confirmation yet.","A proof that biological substrate is required as a primitive variable within the same criterion would refute the corollary.","High if overstated beyond the formal class."
